Name,Work ID #,Work Type,Line of Business,Project Manager/Owner,Sub-Portfolio,Sponsor.,Business Priority,Methodology,Part Of Program?,Capitalization Flag,Work Status,Current Gate,Stage,Status Reporting Frequency,Reported - This Period (d),Reporting Period,Reporting Period - Fortnightly,Reporting Period - Weekly,Overall Status Assessment,Scope Status Assessment,Cost Status Assessment,Schedule Status Assessment,Resourcing Status Assessment,Benefit Status Assessment,OCM Status Assessment,Quality Status Assessment,Risks Status Assessment,Issues Status Assessment,Baseline Start,Baseline Finish,Baseline Duration (d),Requested Start,Requested Finish,Duration at Complete (d),Actual/Schedule Start,Actual/Schedule Finish,Schedule Start,Schedule Finish,Actual Start,Actual Finish,Late Finish,Percent Complete,"Milestones, Total","Milestones,Completed","Milestones,Remain","Milestones, Scheduled","Milestones, Late","Milestones, Missed","Milestones, On Time","Changes, Active","Changes, Total","Risks, Active","Risks, Total",Are there changes to the business capability?,Are there changes to support arrangements?,Will there be Architecture changes?,"Issues, Active","Issues, Total",Gate 0 Date,Gate 1 Date,Gate 2 Date,Gate 3 Date
Project 148,1001444,Epic,Line of Business 9,Project Manager 13,Sub-Portfolio 7,,,,,,Requested,,2. Concept,Monthly,,,,,,,,,,,,,,,,,,03/05/2024,28/06/2024,,,,,,,,,0,,,,,,,,,,,,,,,,,,,,
Project 1,1000925,Application Support,,Project Manager 26,Sub-Portfolio 5,,,,,,Open/Active,,,Weekly,,,,,,,,,,,,,,,,,,01/12/2023,28/06/2024,139.9,27/11/2023,28/06/2024,27/11/2023,28/06/2024,,,,0,,,,,,,,,,,,,,,,,,,,
Project 2,1000923,Application Support,,Project Manager 37,Sub-Portfolio 5,,,,,,Open/Active,,,,,,,,,,,,,,,,,,,,,01/12/2023,28/06/2024,174.6,01/11/2023,23/07/2024,01/11/2023,23/07/2024,,,,0,,,,,,,,,,,,,,,,,,,,
Project 3,1001277,Project,Line of Business 13,Project Manager 27,Sub-Portfolio 7,,,,No,Capital,On Hold,,2. Concept,Monthly,,,,,,,,,,,,,,,,,,11/03/2024,30/06/2025,993.9,14/08/2024,07/08/2028,14/08/2024,07/08/2028,,,,0,,,,,,,,,,,,,,,,,,,,
Project 4,1001299,Minor Work,Line of Business 20,Project Manager 38,Sub-Portfolio 7,,,,No,Capital,Requested,,2. Concept,Monthly,,Jun-2024,,,Green,Green,Green,Green,Green,Green,Green,,Green,Green,,,,18/03/2024,28/06/2024,116.0,18/03/2024,30/08/2024,18/03/2024,30/08/2024,18/03/2024,,,29,,,,,,,,,,,,,,,,,,,,
Project 5,1001373,Project,Line of Business 20,Project Manager 38,Sub-Portfolio 7,Sponsor 31,,Agile,No,Capital,Open/Active,Gate 1,4. Analyse & Design,Monthly,,Apr-2025,,,Green,Green,Green,Green,Green,Green,Green,,Green,Green,18/03/2024,30/06/2025,315.9,25/03/2024,28/06/2024,423.9,18/03/2024,28/11/2025,18/03/2024,28/11/2025,09/04/2024,,27/06/2025,15,38,27,11,27,,,,,,3,5,Moderate Changes,Moderate Changes,No Changes,,,27/06/2024,17/09/2024,,
Project 6,1001392,Project,Line of Business 13,Project Manager 27,Sub-Portfolio 7,,,,,Capital,On Hold,,2. Concept,Monthly,,,,,,,,,,,,,,,,,,02/04/2024,28/06/2024,62.0,02/04/2024,28/06/2024,02/04/2024,28/06/2024,,,,0,,,,,,,,,,,,,,,,,,,,
Project 7,1001430,Project,Line of Business 20,Project Manager 7,Sub-Portfolio 7,,,,No,Opex,Requested,,2. Concept,Monthly,,,,,,,,,,,,,,,,,,22/04/2024,28/06/2024,52.9,15/04/2024,28/06/2024,15/04/2024,28/06/2024,20/05/2024,,,26,,,,,,,,,,,,,,,,,,,,
Project 8,1001437,Minor Work,Line of Business 13,Project Manager 27,Sub-Portfolio 7,Sponsor 42,,,,Capital,Requested,,2. Concept,Monthly,,,,,,,,,,,,,,,,,,29/04/2024,28/06/2024,113.9,22/04/2024,30/09/2024,22/04/2024,30/09/2024,29/04/2024,,,18,,,,,,,,,,,,,,,,,,,,
Project 9,1001413,Minor Work,Line of Business 23,Project Manager 38,Sub-Portfolio 7,,,,No,Capital,Requested,,2. Concept,Monthly,,Jun-2024,,,Green,Green,Green,Green,Green,Green,Green,,Green,Green,,,,15/04/2024,28/06/2024,57.9,08/04/2024,28/06/2024,08/04/2024,28/06/2024,,,,0,,,,,,,,,,,,,,,,,,,,
Project 10,1001458,Minor Work,,Project Manager 27,Sub-Portfolio 7,,,,,Opex,On Hold,,2. Concept,Monthly,,,,,,,,,,,,,,,,,,13/05/2024,31/07/2024,61.1,06/05/2024,31/07/2024,06/05/2024,31/07/2024,,,,0,,,,,,,,,,,,,,,,,,,,
Project 11,1001486,Application Support,Line of Business 13,Project Manager 7,Sub-Portfolio 7,,High,,,Opex,Requested,,2. Concept,Monthly,,,,,,,,,,,,,,,,,,03/06/2024,31/10/2024,110.1,27/05/2024,30/10/2024,27/05/2024,30/10/2024,,,,0,,,,,,,,,,,,,,,,,,,,
Project 12,1001504,Application Support,Line of Business 13,Project Manager 7,Sub-Portfolio 7,,High,,,Opex,Requested,,2. Concept,Monthly,,,,,,,,,,,,,,,,,,03/06/2024,31/10/2024,106.1,03/06/2024,31/10/2024,03/06/2024,31/10/2024,,,,0,,,,,,,,,,,,,,,,,,,,
Project 13,1001816,Project,,Project Manager 7,Sub-Portfolio 7,,,,,,Requested,,2. Concept,Monthly,,,,,,,,,,,,,,,,,,09/12/2024,30/06/2025,131.0,09/12/2024,30/06/2025,09/12/2024,30/06/2025,,,,0,,,,,,,,,,,,,,,,,,,,
Project 14,1001566,Project,,Project Manager 27,Sub-Portfolio 7,,,,No,Capex & Opex,Requested,,2. Concept,Weekly,,,,,,,,,,,,,,,,,,22/07/2024,31/01/2025,225.0,29/07/2024,30/06/2025,29/07/2024,30/06/2025,,,,0,,,,,,,,,,,,,,,,,,,,
Project 15,1001524,Minor Work,,Project Manager 7,Sub-Portfolio 7,,,,,,Requested,,2. Concept,Weekly,,,,,,,,,,,,,,,,,,01/07/2024,31/07/2025,282.0,09/08/2024,30/09/2025,09/08/2024,30/09/2025,09/08/2024,,,42,,,,,,,,,,1,1,,,,,,,,,
Project 16,1001579,Minor Work,,Project Manager 27,Sub-Portfolio 7,,,,No,Opex,Requested,,2. Concept,Weekly,,,,,,,,,,,,,,,,,,05/08/2024,20/12/2024,,,,,,,,,0,,,,,,,,,,,,,,,,,,,,
Project 17,1001602,Project,,Project Manager 27,Sub-Portfolio 7,,,,No,Capital,Requested,,2. Concept,Weekly,,,,,,,,,,,,,,,,,,26/08/2024,31/03/2025,325.9,02/09/2024,24/12/2025,02/09/2024,24/12/2025,,,,0,,,,,,,,,,,,,,,,,,,,
Project 18,1001834,Light Project,,Project Manager 7,Sub-Portfolio 7,Sponsor 33,,,No,Capital,Requested,,2. Concept,Monthly,,Apr-2025,,,Green,Green,Green,Green,Green,Green,Green,,Green,Green,,,,04/02/2025,30/06/2025,141.0,10/02/2025,29/08/2025,17/02/2025,29/08/2025,10/02/2025,,,22,,,,,,,,,,3,3,,,,,2,,,,
Project 19,1001765,Minor Work,,Project Manager 7,Sub-Portfolio 7,,Medium,,,,Open/Active,,6. Implement,Weekly,,,,,,,,,,,,,,,,,,21/10/2024,30/06/2025,429.8,21/10/2024,28/07/2026,21/10/2024,28/07/2026,21/10/2024,,,3,,,,,,,,,,,,,,,,,,,,
Project 20,1001650,Minor Work,,Project Manager 7,Sub-Portfolio 7,,Important,,,,Open/Active,,6. Implement,Weekly,,,,,,,,,,,,,,,,,,08/10/2024,30/06/2025,240.9,08/10/2024,30/09/2025,08/10/2024,30/09/2025,22/11/2024,,,1,,,,,,,,,,,,,,,,,,,,
Project 21,1001802,Project,Line of Business 22,Project Manager 7,Sub-Portfolio 7,Sponsor 15,,,,,Requested,,2. Concept,Weekly,,,,,,,,,,,,,,,,,,15/11/2024,30/06/2025,25.0,09/12/2024,24/01/2025,09/12/2024,24/01/2025,,,,0,,,,,,,,,,,,,,,,,,,,
Project 22,1000872,Project,,Project Manager 7,Sub-Portfolio 8,,,,No,Opex,Requested,,2. Concept,Monthly,,May-2024,,,Green,Green,Green,Amber,Green,Green,Green,,Green,Green,,,,01/03/2023,02/02/2024,450.0,04/03/2024,22/12/2025,07/03/2024,22/12/2025,04/03/2024,,02/06/2025,40,72,68,4,,,,,,,,,,,,1,1,,,,
Project 23,1001819,Minor Work,,Project Manager 24,Sub-Portfolio 7,Sponsor 9,,,,,Requested,,2. Concept,Monthly,,,,,,,,,,,,,,,,,,09/12/2024,30/09/2025,130.9,24/03/2025,26/09/2025,24/03/2025,26/09/2025,,,,0,,,,,,,,,,,,,,,,,,,,
Project 24,1001817,Project,,Project Manager 7,Sub-Portfolio 7,Sponsor 12,,,,,Requested,,2. Concept,Monthly,,,,,,,,,,,,,,,,,,09/12/2024,30/06/2025,306.0,09/12/2024,20/03/2026,09/12/2024,20/03/2026,10/02/2025,,,6,,,,,,,,,,,,,,,,,,,,
Project 25,1001818,Project,,Project Manager 7,Sub-Portfolio 7,Sponsor 41,,,,,On Hold,,2. Concept,Monthly,,,,,,,,,,,,,,,,,,09/12/2024,28/03/2025,163.2,09/12/2024,14/08/2025,09/12/2024,14/08/2025,09/12/2024,,,22,,,,,,,,,,,,,,,,,,,,
Project 26,1001822,Project,,Project Manager 7,Sub-Portfolio 7,,,,,,Requested,,2. Concept,Monthly,,,,,,,,,,,,,,,,,,13/12/2024,30/06/2025,185.0,06/01/2025,26/09/2025,06/01/2025,26/09/2025,,,,0,,,,,,,,,,,,,,,,,,,,
Project 27,1001860,Project,,Project Manager 7,Sub-Portfolio 7,Sponsor 27,,,,,Requested,,2. Concept,Monthly,,,,,,,,,,,,,,,,,,24/02/2025,30/06/2025,62.0,03/03/2025,30/05/2025,03/03/2025,30/05/2025,,,,0,,,,,,,,,,,,,,,,,,,,
Project 28,1001873,Minor Work,,Project Manager 7,Sub-Portfolio 7,Sponsor 36,Low,,,,Requested,,2. Concept,Monthly,,,,,,,,,,,,,,,,,,03/03/2025,30/06/2025,82.0,03/03/2025,30/06/2025,03/03/2025,30/06/2025,,,,0,,,,,,,,,,1,1,,,,,,,,,
Project 29,1001895,Minor Work,,Project Manager 7,Sub-Portfolio 7,Sponsor 39,High,,,,Requested,,2. Concept,Monthly,,,,,,,,,,,,,,,,,,28/03/2025,30/06/2025,63.0,28/03/2025,30/06/2025,28/03/2025,30/06/2025,,,,0,,,,,,,,,,,,,,,,,,,,
Project 30,1001891,Project,,Project Manager 7,Sub-Portfolio 7,Sponsor 47,,,,,Requested,,2. Concept,Monthly,,,,,,,,,,,,,,,,,,21/03/2025,30/06/2025,26.0,22/04/2025,28/05/2025,22/04/2025,28/05/2025,,,,0,,,,,,,,,,,,,,,,,,,,
Project 31,1001898,Project,,Project Manager 7,Sub-Portfolio 7,Sponsor 36,,,,,Requested,,2. Concept,Monthly,,,,,,,,,,,,,,,,,,04/04/2025,30/06/2025,81.0,04/04/2025,31/07/2025,04/04/2025,31/07/2025,,,,0,,,,,,,,,,,,,,,,,,,,
Project 32,1001896,Project,,,Sub-Portfolio 7,Sponsor 5,,,,,Requested,,2. Concept,Monthly,,,,,,,,,,,,,,,,,,28/03/2025,30/06/2025,62.0,31/03/2025,30/06/2025,31/03/2025,30/06/2025,,,,0,,,,,,,,,,,,,,,,,,,,
Project 33,1001051,Minor Work,Line of Business 21,Project Manager 7,Sub-Portfolio 1,Sponsor 34,High,,,Capital,Requested,,,Monthly,,May-2024,,,Green,Green,Green,Green,Green,Green,Green,,Green,Green,,,,24/01/2024,28/06/2024,121.1,01/02/2024,25/07/2024,01/02/2024,25/07/2024,01/02/2024,,,51,5,5,,,,,,,,,1,,,,,3,,,,
Project 34,1001353,Project,,Project Manager 12,Sub-Portfolio 8,,,Waterfall,No,Capital,Open/Active,Gate 0,3. Evaluate,Weekly,,,,02 May 25,Green,Green,Green,Green,Green,Green,Green,,Green,Green,10/05/2024,29/08/2025,323.0,01/07/2024,30/06/2025,323.0,10/05/2024,29/08/2025,01/07/2024,29/08/2025,10/05/2024,,30/06/2025,27,66,46,20,50,4,4,16,,,3,8,No Changes,No Changes,Minor Changes,,,29/08/2024,29/04/2025,15/08/2025,29/08/2025
Project 35,1000926,Service,Line of Business 8,Project Manager 18,Sub-Portfolio 4,,Important,,,Capex & Opex,Requested,,,Monthly,,,,28 Feb 25,Green,Amber,Green,Green,Green,Green,Green,,Green,Green,,,,01/09/2023,28/06/2024,199.0,01/10/2024,28/07/2025,01/10/2024,28/07/2025,,,,0,,,,,,,,,,,,,,,,,,,,
Project 36,1000927,Project,Line of Business 7,Project Manager 18,Sub-Portfolio 4,,,,No,Capex & Opex,Cancelled,,2. Concept,Weekly,,,,01 Dec 23,Green,Green,Green,Green,Green,Green,Green,,Green,Green,,,,01/09/2023,28/06/2024,200.0,01/09/2023,28/06/2024,,,01/09/2023,28/06/2024,,100,,,,,,,,,,,,,,,,,,,,
Project 37,1000918,Project,Line of Business 7,Project Manager 18,Sub-Portfolio 4,,,,No,Capex & Opex,Requested,,2. Concept,Weekly,,,,01 Dec 23,Green,Green,Green,Green,Green,Green,Green,,Green,Green,,,,03/10/2023,31/05/2024,160.0,30/10/2023,28/06/2024,30/10/2023,28/06/2024,,,,0,,,,,,,,,,,,,,,,,,,,
Project 39,1001878,Project,,Project Manager 16,Sub-Portfolio 8,Sponsor 18,,,,,Requested,,2. Concept,Monthly,,,,,,,,,,,,,,,,,,12/03/2025,30/06/2025,323.0,06/03/2025,30/06/2026,06/03/2025,30/06/2026,,,,0,,,,,,,,,,,,,,,,,,,,
Project 40,1000986,Project,Line of Business 10,Project Manager 17,Sub-Portfolio 7,,,,No,Opex,Requested,,3. Evaluate,Weekly,,,,05 Jul 24,Green,Green,Amber,Green,Green,Green,Green,,Green,Green,,,,18/12/2023,30/04/2024,234.0,18/12/2023,29/11/2024,18/12/2023,29/11/2024,,,,0,,,,,,,,,,,,,,,,,,,,
Project 41,1001242,Project,,,Sub-Portfolio 7,,,,,,Requested,,2. Concept,Monthly,,,,,,,,,,,,,,,,,,07/03/2024,28/06/2024,442.0,18/03/2024,24/12/2025,18/03/2024,24/12/2025,,,,0,,,,,,,,,,,,,,,,,,,,
Project 42,1001122,Project,Line of Business 12,Project Manager 38,Sub-Portfolio 4,Sponsor 1,,Waterfall,No,Capital,Completed,Gate 3,7. Closure,Weekly,,,,07 Mar 25,Green,Green,Green,Green,Green,Green,Green,,Green,Green,12/12/2023,28/02/2025,292.0,08/01/2024,18/12/2024,292.0,12/12/2023,28/02/2025,,,12/12/2023,28/02/2025,,100,75,75,,75,,,,,,,4,No Changes,No Changes,No Changes,,2,01/02/2024,30/05/2024,30/09/2024,30/03/2025
Project 43,1001367,Project,Line of Business 12,Project Manager 39,Sub-Portfolio 4,,,,,Capex & Opex,Requested,,2. Concept,Weekly,,,,26 Jul 24,Green,Green,Green,Green,Green,Green,Green,,Green,Green,,,,22/02/2024,28/06/2024,87.1,22/02/2024,28/06/2024,22/02/2024,28/06/2024,,,,0,,,,,,,,,,,9,,,,,,,,,
Project 44,1000294,Project,Line of Business 12,Project Manager 4,Sub-Portfolio 4,Sponsor 44,,Waterfall,No,Capital,Open/Active,Gate 0,3. Evaluate,Weekly,,,,09 May 25,Amber,Green,Green,Amber,Amber,Green,Green,,Amber,Amber,01/11/2021,05/02/2026,"1,062.0",01/05/2019,30/06/2025,"1,228.0",01/11/2021,30/09/2026,16/10/2023,30/09/2026,01/11/2021,,19/12/2025,79,91,38,53,83,36,46,4,,,6,7,,,,1,1,29/08/2024,,,
Project 46,1000302,Project,Line of Business 7,Project Manager 17,Sub-Portfolio 7,Sponsor 23,,Hybrid,No,Opex,Open/Active,Gate 1,6. Implement,Monthly,,Apr-2025,,,Green,Green,Green,Amber,Green,Green,Green,,Green,Green,09/04/2019,30/06/2025,"1,587.0",,,"1,713.0",09/04/2019,24/12/2025,09/04/2019,24/12/2025,09/04/2019,,02/06/2025,13,122,99,23,62,3,3,,,,2,8,No Changes,No Changes,Minor Changes,,4,,,09/04/2025,
Project 48,1001460,Epic,Line of Business 5,Project Manager 35,Sub-Portfolio 7,,,,,,Requested,,2. Concept,Monthly,,,,,,,,,,,,,,,,,,13/05/2024,28/06/2024,41.9,01/05/2024,28/06/2024,01/05/2024,28/06/2024,,,,0,,,,,,,,,,,,,,,,,,,,
Project 49,1001459,Minor Work,Line of Business 5,Project Manager 35,Sub-Portfolio 7,,,,,,Requested,,2. Concept,Monthly,,,,,,,,,,,,,,,,,,13/05/2024,28/06/2024,38.9,06/05/2024,28/06/2024,06/05/2024,28/06/2024,,,,0,,,,,,,,,,,,,,,,,,,,
Project 50,1001280,Light Project,Line of Business 20,Project Manager 27,Sub-Portfolio 7,,,,,,Cancelled,,2. Concept,Monthly,,,,,,,,,,,,,,,,,,11/03/2024,28/06/2024,76.0,11/03/2024,28/06/2024,,,11/03/2024,28/06/2024,,100,,,,,,,,,,,,,,,,,,,,
Project 51,1001498,Project,,Project Manager 35,Sub-Portfolio 7,,,,,,Requested,,2. Concept,Monthly,,,,,,,,,,,,,,,,,,24/05/2024,28/06/2024,24.1,24/05/2024,28/06/2024,24/05/2024,28/06/2024,,,,0,,,,,,,,,,,,,,,,,,,,
Project 57,1001360,Project,,Project Manager 21,Sub-Portfolio 8,Sponsor 18,,Hybrid,No,Capital,Open/Active,Gate 1,4. Analyse & Design,Weekly,,,,25 Apr 25,Green,Green,Green,Amber,Green,Green,Green,,Green,Green,26/03/2024,31/10/2025,397.0,01/07/2024,30/06/2025,397.0,26/03/2024,31/10/2025,06/01/2025,31/10/2025,26/03/2024,,30/06/2025,49,46,24,22,28,,4,22,,,2,4,No Changes,No Changes,Minor Changes,,,26/03/2024,17/04/2025,,
Project 52,1001768,Minor Work,,Project Manager 35,Sub-Portfolio 7,,Medium,,,,Open/Active,,6. Implement,Weekly,,,,,,,,,,,,,,,,,,25/10/2024,30/06/2025,1.1,21/10/2024,22/10/2024,21/10/2024,22/10/2024,,,,0,,,,,,,,,,,,,,,,,,,,
Project 53,1001882,Project,,,Sub-Portfolio 7,Sponsor 20,,,,,Requested,,2. Concept,Monthly,,,,,,,,,,,,,,,,,,10/03/2025,30/06/2025,77.0,10/03/2025,30/06/2025,10/03/2025,30/06/2025,,,,0,,,,,,,,,,,,,,,,,,,,
Project 54,1000308,Project,Line of Business 7,Project Manager 4,Sub-Portfolio 7,Sponsor 37,,Hybrid,No,Opex,On Hold,Gate 1,4. Analyse & Design,Monthly,,Apr-2025,,,Green,Green,Green,Green,Green,Green,Green,,Red,Red,23/03/2023,07/11/2024,404.0,,,729.0,23/03/2023,17/03/2026,01/06/2023,17/03/2026,23/03/2023,,18/03/2026,6,71,28,43,31,23,23,,,,,23,Moderate Changes,Moderate Changes,Moderate Changes,,7,,,,
Project 55,1000311,Project,Line of Business 7,Project Manager 31,Sub-Portfolio 8,Sponsor 18,,Agile,Yes,Capital,Prepare for Closure,Gate 2,4. Analyse & Design,Monthly,,Aug-2024,,,Green,Green,Green,Green,Green,Green,Green,,Green,Green,17/07/2023,16/02/2024,143.0,28/09/2023,12/04/2024,437.0,17/07/2023,01/05/2025,15/01/2024,01/05/2025,17/07/2023,,25/09/2024,58,35,33,2,22,2,2,,,,,,Minor Changes,Moderate Changes,Minor Changes,,,,,,
Project 56,1000299,Project,Line of Business 12,Project Manager 36,Sub-Portfolio 4,Sponsor 19,,Waterfall,Yes,Capital,Completed,Gate 3,6. Implement,Weekly,,,27 May 24 - 07 Jun 24,02 Aug 24,Green,Green,Green,Green,Green,Green,Green,,Green,Green,15/11/2022,29/11/2024,511.0,,,511.0,15/11/2022,29/11/2024,,,15/11/2022,29/11/2024,,100,23,23,,23,,,,,,,3,Minor Changes,Moderate Changes,Minor Changes,,5,,,,01/08/2024
Project 58,1001821,Project,,Project Manager 18,Sub-Portfolio 4,Sponsor 11,,,,,Requested,,2. Concept,Weekly,,,,,,,,,,,,,,,,,,13/12/2024,30/06/2025,137.0,31/03/2025,14/10/2025,31/03/2025,14/10/2025,,,,0,,,,,,,,,,,,,,,,,,,,
Project 59,1001362,Project,Line of Business 7,Project Manager 18,Sub-Portfolio 4,Sponsor 49,,Waterfall,No,Capex & Opex,Open/Active,Gate 0,3. Evaluate,Monthly,,Apr-2025,,24 Jan 25,Green,Green,Green,Green,Green,Green,Green,,Green,Green,29/07/2024,01/07/2025,224.1,01/07/2024,29/06/2026,284.0,08/07/2024,29/08/2025,08/07/2024,29/08/2025,29/07/2024,,02/06/2025,18,54,30,24,60,22,31,2,,,10,10,No Changes,Moderate Changes,Major Changes,1,1,24/08/2024,,,
Project 60,1000884,Light Project,Line of Business 7,Project Manager 18,Sub-Portfolio 4,Sponsor 30,,,No,Opex,Cancelled,,2. Concept,Weekly,,,,01 Dec 23,Green,Green,Green,Green,Green,Green,Green,,Green,Green,,,,01/12/2023,28/06/2024,136.0,11/09/2023,05/04/2024,,,11/09/2023,,,100,,,,,,,,1,1,,,,,,,,,,,
Project 61,1001820,Minor Work,,Project Manager 35,Sub-Portfolio 7,,,,,,Requested,,2. Concept,Monthly,,,,,,,,,,,,,,,,,,13/12/2024,30/06/2025,127.0,13/12/2024,30/06/2025,13/12/2024,30/06/2025,,,,0,,,,,,,,,,,,,,,,,,,,
Project 62,1001548,Minor Work,,Project Manager 13,Sub-Portfolio 7,,Low,,,Opex,Requested,,,Monthly,,,,,,,,,,,,,,,,,,01/09/2023,20/12/2024,66.0,01/07/2024,30/09/2024,01/07/2024,30/09/2024,,,,0,,,,,,,,,,,,,,,,,,,,
Project 63,1001626,Minor Work,Line of Business 7,Project Manager 13,Sub-Portfolio 7,,High,,,,Requested,,6. Implement,Monthly,,,,,,,,,,,,,,,,,,11/09/2024,31/03/2025,159.0,01/10/2024,30/05/2025,01/10/2024,30/05/2025,,,,0,,,,,,,,,,,,,,,,,,,,
Project 65,1001880,Project,,,Sub-Portfolio 8,Sponsor 18,,,,,Requested,,2. Concept,Monthly,,,,,,,,,,,,,,,,,,06/03/2025,06/03/2026,525.0,07/03/2024,30/04/2026,07/03/2024,30/04/2026,,,,0,,,,,,,,,,,,,,,,,,,,
Project 66,1001875,Project,Line of Business 24,Project Manager 25,Sub-Portfolio 8,Sponsor 18,,,No,Capex & Opex,Requested,,2. Concept,Monthly,,,,,,,,,,,,,,,,,,06/03/2025,06/03/2026,307.0,06/03/2025,05/06/2026,06/03/2025,05/06/2026,,,,0,,,,,,,,,,,,,,,,,,,,
Project 67,1001881,Project,Line of Business 11,Project Manager 12,Sub-Portfolio 8,Sponsor 18,,,Yes,Capital,Cancelled,,2. Concept,Monthly,,,,,,,,,,,,,,,,,,06/03/2025,06/03/2026,118.0,09/01/2025,30/06/2025,,,09/01/2025,30/06/2025,,100,,,,,,,,,,,,,,,,,,,,
Project 68,1001876,Project,Line of Business 24,Project Manager 25,Sub-Portfolio 8,Sponsor 18,,,No,Capex & Opex,Requested,,2. Concept,Monthly,,,,,,,,,,,,,,,,,,06/03/2025,06/03/2026,323.0,25/03/2025,17/07/2026,25/03/2025,17/07/2026,,,,0,,,,,,,,,,,,,,,,,,,,
Project 69,1001877,Project,Line of Business 24,Project Manager 25,Sub-Portfolio 8,Sponsor 18,,,No,Capex & Opex,Requested,,2. Concept,Monthly,,,,,,,,,,,,,,,,,,06/03/2025,06/03/2026,50.3,25/03/2025,06/06/2025,25/03/2025,06/06/2025,,,,0,,,,,,,,,,,,,,,,,,,,
Project 70,1001861,Project,,,Sub-Portfolio 2,Sponsor 35,,,,Capex & Opex,Requested,,2. Concept,Weekly,,,,,,,,,,,,,,,,,,01/07/2025,30/06/2026,60.0,01/07/2025,22/09/2025,01/07/2025,22/09/2025,,,,0,,,,,,,,,,,,,,,,,,,,
Project 71,1001879,Project,,Project Manager 31,Sub-Portfolio 8,Sponsor 18,,,,,Requested,,2. Concept,Monthly,,,,,,,,,,,,,,,,,,06/03/2025,06/03/2026,323.0,06/03/2025,30/06/2026,06/03/2025,30/06/2026,,,,0,,,,,,,,,,,,,,,,,,,,
Project 72,1001361,Project,,Project Manager 28,Sub-Portfolio 8,Sponsor 18,,Agile,No,Capital,Open/Active,Gate 0,3. Evaluate,Monthly,,Apr-2025,,11 Oct 24,Green,Green,Green,Green,Green,Green,Green,,Green,Green,30/09/2024,31/10/2025,268.0,01/07/2024,30/06/2025,268.0,30/09/2024,31/10/2025,30/09/2024,31/10/2025,30/10/2024,,27/06/2025,0,44,14,30,15,1,1,29,,,6,7,Minor Changes,Minor Changes,Minor Changes,,4,30/10/2024,30/04/2025,,
Project 73,1001356,Project,Line of Business 7,Project Manager 18,Sub-Portfolio 4,,,,No,Capital,Requested,,2. Concept,Weekly,,,,,,,,,,,,,,,,,,01/07/2024,30/06/2025,1.1,19/12/2024,20/12/2024,19/12/2024,20/12/2024,,,,0,,,,,,,,,,,,,,,,,,,,
Project 74,1001422,Minor Work,Line of Business 7,Project Manager 19,Sub-Portfolio 4,,Medium,,No,Capital,Requested,,2. Concept,Weekly,,,,,,,,,,,,,,,,,,02/04/2024,28/06/2024,70.0,15/04/2024,23/07/2024,15/04/2024,23/07/2024,,,,0,,,,,,,,,,,,,,,,,,,,
Project 75,1000871,Project,,Project Manager 25,Sub-Portfolio 8,Sponsor 18,,,No,Capital,On Hold,,4. Analyse & Design,Monthly,,Feb-2024,,,Red,Amber,Red,Amber,Amber,Green,Green,,Amber,Amber,,,,15/01/2024,28/06/2024,213.0,13/11/2023,25/09/2024,13/11/2023,25/09/2024,,,,0,,,,,,,,,,5,5,No Changes,No Changes,Moderate Changes,,,,,,
Project 76,1001429,Program (admin),,,Sub-Portfolio 4,,Important,,,,Requested,,,Monthly,,,,,,,,,,,,,,,,,,15/04/2024,20/12/2024,863.9,27/07/2022,28/01/2026,27/07/2022,28/01/2026,,,,0,,,,,,,,,,,,,,,,,,,,
Project 77,1001388,Project,Line of Business 1,Project Manager 31,Sub-Portfolio 8,,,,,Opex,Requested,,2. Concept,Monthly,,,,,,,,,,,,,,,,,,18/03/2024,28/06/2024,70.1,18/03/2024,28/06/2024,18/03/2024,28/06/2024,,,,0,,,,,,,,,,,,,,,,,,,,
Project 78,1001374,Project,Line of Business 8,Project Manager 25,Sub-Portfolio 8,,,,,Capital,Requested,,2. Concept,Monthly,,Jun-2024,,,Green,Green,Green,Green,Green,Green,Green,,Green,Green,,,,01/03/2024,28/06/2024,93.8,01/03/2024,16/07/2024,01/03/2024,16/07/2024,,,,0,,,,,,,,,,1,1,,,,1,1,,,,
Project 79,1001449,Program (admin),,,Sub-Portfolio 4,,Important,,,,Requested,,,Weekly,,,,,,,,,,,,,,,,,,01/05/2024,20/12/2024,162.9,06/05/2024,20/12/2024,06/05/2024,20/12/2024,,,,0,,,,,,,,,,,,,,,,,,,,
Project 80,1001357,Project,,Project Manager 11,Sub-Portfolio 1,,,,No,Capital,On Hold,,2. Concept,Weekly,,,,,,,,,,,,,,,,,,01/07/2024,30/06/2025,,,,,,,,,0,,,,,,,,,,,,,,,,,,,,
Project 81,1001354,Project,,Project Manager 2,Sub-Portfolio 8,Sponsor 18,,,No,Opex,Cancelled,,2. Concept,Weekly,,,,,,,,,,,,,,,,,,01/07/2024,30/06/2025,,,,,,,,,0,,,,,,,,,,,,,,,,,,,,
Project 82,1000300,Project,Line of Business 7,Project Manager 12,Sub-Portfolio 8,Sponsor 18,,Waterfall,Yes,Capital,Prepare for Closure,Gate 2,7. Closure,Monthly,,Sep-2024,,,Green,Green,Green,Green,Green,Green,Green,,Green,Green,16/12/2022,31/10/2024,466.0,,,481.8,16/12/2022,22/11/2024,11/06/2024,22/11/2024,16/12/2022,,01/11/2024,93,64,64,,64,,,,,,,8,,,,,9,,,25/09/2024,
Project 83,1001617,Project,Line of Business 7,Project Manager 22,Sub-Portfolio 8,Sponsor 18,,,No,Capital,Open/Active,Gate 0,3. Evaluate,Monthly,,Apr-2025,,,Amber,Green,Green,Amber,Amber,Green,Green,,Amber,Green,05/07/2024,30/04/2026,442.0,01/07/2024,30/06/2025,442.0,05/07/2024,30/04/2026,30/05/2025,30/04/2026,05/07/2024,,13/11/2025,0,87,30,57,30,,,57,,,2,3,,,,,,25/09/2024,,,
Project 84,1000297,Project,Line of Business 7,Project Manager 22,Sub-Portfolio 8,Sponsor 18,,Waterfall,Yes,Capital,On Hold,Gate 3,7. Closure,Monthly,,Aug-2024,,,Green,Green,Green,Green,Green,Green,Green,,Green,Green,01/07/2020,06/07/2029,"2,276.4",27/11/2023,28/06/2024,"2,276.4",01/07/2020,06/07/2029,,,01/07/2020,,,100,29,29,,29,,,,,,,6,Minor Changes,Minor Changes,Major Changes,,2,,,,27/09/2024
Project 85,1001384,Project,,Project Manager 11,Sub-Portfolio 8,,,,No,Capital,On Hold,,2. Concept,Weekly,,,,,,,,,,,,,,,,,,01/07/2024,27/11/2026,,,,,,,,,0,,,,,,,,,,,,,,,,,,,,
Project 86,1001806,Minor Work,,Project Manager 35,Sub-Portfolio 7,,Medium,,,,Open/Active,,6. Implement,Weekly,,,,,,,,,,,,,,,,,,15/11/2024,30/06/2025,,,,,,,,,0,,,,,,,,,,,,,,,,,,,,
Project 87,1000840,Project,Line of Business 18,Project Manager 38,Sub-Portfolio 7,Sponsor 22,,Hybrid,No,Capital,Requested,Gate 0,2. Concept,Monthly,,Apr-2024,,01 Mar 24,Green,Green,Green,Green,Green,Green,Green,,Green,Green,01/02/2023,30/06/2025,593.0,13/11/2023,30/05/2025,837.0,01/02/2023,30/06/2026,01/02/2023,30/06/2026,09/07/2024,,02/06/2025,0,42,19,23,27,,8,,,,,2,Moderate Changes,Moderate Changes,Moderate Changes,,4,09/07/2024,,,
Project 88,1001279,Project,Line of Business 13,Project Manager 1,Sub-Portfolio 7,,,,,Opex,Requested,,2. Concept,Monthly,,,,,,,,,,,,,,,,,,11/03/2024,28/06/2024,200.0,11/03/2024,20/12/2024,11/03/2024,20/12/2024,,,,0,,,,,,,,,,,,,,,,,,,,
Project 89,1001870,Project,,Project Manager 18,Sub-Portfolio 4,Sponsor 43,,,,,Requested,,2. Concept,Monthly,,,,,,,,,,,,,,,,,,03/03/2025,30/06/2025,82.0,03/03/2025,30/06/2025,03/03/2025,30/06/2025,,,,0,,,,,,,,,,,,,,,,,,,,
Project 90,1001493,Project,,,Sub-Portfolio 2,,,Agile,No,Opex,On Hold,Gate 0,2. Concept,Weekly,,,,,,,,,,,,,,,01/08/2022,11/07/2025,731.0,03/06/2024,02/06/2025,822.0,01/08/2022,17/11/2025,17/01/2025,17/11/2025,01/08/2022,,13/11/2025,5,83,,83,55,51,55,22,,,1,1,Major Changes,Major Changes,Major Changes,,,31/05/2024,,,
Project 91,1000305,Project,Line of Business 7,Project Manager 25,Sub-Portfolio 8,Sponsor 18,,Hybrid,Yes,Capital,Prepare for Closure,Gate 2,7. Closure,Monthly,,Jun-2024,,,Green,Green,Green,Green,Green,Green,Green,,Green,Green,01/10/2020,10/04/2024,900.0,03/04/2023,30/04/2024,"1,098.0",01/10/2020,31/01/2025,08/01/2024,31/01/2025,01/10/2020,,30/06/2025,17,15,15,,6,,,,,,,3,No Changes,Minor Changes,Major Changes,,2,,,,
Project 92,1001328,Project,Line of Business 24,Project Manager 25,Sub-Portfolio 8,Sponsor 18,,Agile,No,Capital,Open/Active,Gate 1,6. Implement,Monthly,,Apr-2025,,,Green,Green,Green,Green,Amber,Green,Green,,Green,Green,13/03/2024,03/11/2025,407.0,02/04/2024,31/03/2025,407.0,13/03/2024,03/11/2025,25/03/2024,03/11/2025,13/03/2024,,02/06/2025,10,94,77,17,77,,,17,1,1,2,7,No Changes,No Changes,Minor Changes,2,4,28/08/2024,17/04/2025,,
Project 93,1001866,Light Project,Line of Business 12,Project Manager 3,Sub-Portfolio 4,Sponsor 16,,,,,Requested,,2. Concept,Monthly,,,,,,,,,,,,,,,,,,27/02/2025,30/06/2025,84.0,27/02/2025,30/06/2025,27/02/2025,30/06/2025,,,,0,,,,,,,,,,,,,,,,,,,,
Project 94,1001276,Project,Line of Business 12,Project Manager 20,Sub-Portfolio 4,Sponsor 6,,,No,Capital,Requested,,2. Concept,Monthly,,Apr-2025,,,Amber,Amber,Green,Amber,Green,Green,Green,,Amber,Green,,,,11/03/2024,28/06/2024,179.0,01/10/2024,30/06/2025,01/10/2024,30/06/2025,,,03/06/2025,0,31,,31,,,,,,,1,1,,,,,,,,,
Project 95,1001647,Project,Line of Business 12,Project Manager 20,Sub-Portfolio 4,Sponsor 19,Medium,Waterfall,No,Capital,Open/Active,Gate 0,3. Evaluate,Monthly,,Apr-2025,,,Amber,Amber,Green,Amber,Green,Green,Green,,Amber,Green,08/10/2024,30/06/2026,418.0,06/01/2025,30/06/2025,418.9,08/10/2024,30/06/2026,08/10/2024,30/06/2026,19/11/2024,,03/06/2025,10,31,5,26,5,,,,,,2,2,No Changes,No Changes,No Changes,,,26/02/2025,,,
Project 97,1001274,Project,Line of Business 12,Project Manager 23,Sub-Portfolio 4,,,,,,Requested,,2. Concept,Monthly,,,,,,,,,,,,,,,,,,11/03/2024,28/06/2024,,,,,,,,,0,,,,,,,,,,,,,,,,,,,,
Project 98,1001363,Project,Line of Business 12,Project Manager 38,Sub-Portfolio 4,Sponsor 19,,Agile,No,Capital,Open/Active,Gate 0,3. Evaluate,Weekly,,,,25 Apr 25,Green,Green,Green,Green,Green,Green,Green,,Green,Green,26/03/2024,31/07/2025,332.0,01/07/2024,30/06/2025,332.0,26/03/2024,31/07/2025,01/07/2024,31/07/2025,26/03/2024,,02/06/2025,44,45,29,16,30,,1,16,,,2,2,No Changes,No Changes,No Changes,,,29/08/2024,,,
Project 100,1001483,Minor Work,Line of Business 12,Project Manager 19,Sub-Portfolio 4,,Important,,,Capital,Requested,,,Weekly,,,,,,,,,,,,,,,,,,29/04/2024,30/08/2024,88.9,29/04/2024,30/08/2024,29/04/2024,30/08/2024,,,,0,,,,,,,,,,,,,,,,,,,,
Project 99,1001273,Minor Work,Line of Business 12,Project Manager 23,Sub-Portfolio 4,,Medium,,,,Requested,,,Monthly,,,,,,,,,,,,,,,,,,11/03/2024,28/06/2024,,,,,,,,,0,,,,,,,,,,,,,,,,,,,,
Project 101,1000309,Project,Line of Business 12,Project Manager 3,Sub-Portfolio 4,Sponsor 19,,Waterfall,No,Capital,Completed,Gate 3,7. Closure,Weekly,,,,10 May 24,Green,Green,Green,Green,Green,Green,Green,,Green,Green,01/08/2022,06/11/2024,570.0,,,570.0,01/08/2022,06/11/2024,,,01/08/2022,06/11/2024,,100,17,17,,17,,,,,,,4,No Changes,No Changes,No Changes,,1,,,,26/02/2025
Project 102,1001863,Light Project,Line of Business 12,Project Manager 3,Sub-Portfolio 4,Sponsor 26,,,,,Requested,,2. Concept,Monthly,,,,,,,,,,,,,,,,,,27/02/2025,30/06/2025,84.0,27/02/2025,30/06/2025,27/02/2025,30/06/2025,,,,0,,,,,,,,,,,,,,,,,,,,
Project 103,1001872,Project,Line of Business 12,Project Manager 20,Sub-Portfolio 4,Sponsor 8,,,,,Requested,,2. Concept,Monthly,,,,,,,,,,,,,,,,,,03/03/2025,30/06/2025,82.0,03/03/2025,30/06/2025,03/03/2025,30/06/2025,,,,0,,,,,,,,,,,,,,,,,,,,
Project 104,1001275,Project,Line of Business 12,Project Manager 23,Sub-Portfolio 4,,,,,,Requested,,2. Concept,Monthly,,,,,,,,,,,,,,,,,,11/03/2024,28/06/2024,,,,,,,,,0,,,,,,,,,,,,,,,,,,,,
Project 105,1001823,Minor Work,Line of Business 12,Project Manager 3,Sub-Portfolio 3,,High,,,,Requested,,2. Concept,Monthly,,,,,,,,,,,,,,,,,,16/12/2024,30/06/2025,126.0,16/12/2024,30/06/2025,16/12/2024,30/06/2025,,,,0,,,,,,,,,,,,,,,,,,,,
Project 106,1000292,Project,Line of Business 12,Project Manager 3,Sub-Portfolio 4,Sponsor 19,,Waterfall,No,Capital,Prepare for Closure,Gate 2,7. Closure,Weekly,,Aug-2024,06 Jul 24 - 19 Jul 24,11 Oct 24,Green,Green,Green,Green,Green,Green,Green,,Green,Green,03/07/2023,26/04/2024,199.0,06/11/2023,15/08/2024,390.0,03/07/2023,05/02/2025,16/10/2023,05/02/2025,03/07/2023,,26/03/2024,13,10,10,,10,,,,,,,5,Moderate Changes,Major Changes,Major Changes,1,1,,,,29/10/2024
Project 107,1001271,Minor Work,Line of Business 12,Project Manager 23,Sub-Portfolio 4,,High,,,,Requested,,,Monthly,,,,,,,,,,,,,,,,,,11/03/2024,28/06/2024,,,,,,,,,0,,,,,,,,,,,,,,,,,,,,
Project 108,1001364,Project,Line of Business 12,Project Manager 38,Sub-Portfolio 4,Sponsor 19,,,No,Capital,Open/Active,Gate 0,3. Evaluate,Monthly,,May-2025,,07 Mar 25,Green,Green,Green,Green,Green,Green,Green,,Green,Green,01/07/2024,31/07/2025,267.0,01/07/2024,30/06/2025,374.0,01/07/2024,14/01/2026,01/07/2024,14/01/2026,24/09/2024,,02/06/2025,1,22,13,9,16,8,6,1,,,6,6,,,,,,24/09/2024,30/12/2024,30/05/2025,30/08/2025
Project 109,1000303,Project,Line of Business 12,Project Manager 18,Sub-Portfolio 4,Sponsor 3,,Waterfall,No,Capital,Open/Active,Gate 3,7. Closure,Weekly,,,,01 Dec 23,Green,Green,Green,Green,Green,Green,Green,,Amber,Green,04/10/2022,01/10/2025,744.0,,,744.0,04/10/2022,01/10/2025,,,04/10/2022,01/10/2025,,100,19,19,,19,,,,,,,,,,,,,,,,
Project 110,1001608,Minor Work,Line of Business 12,Project Manager 5,Sub-Portfolio 4,,High,,No,Capex & Opex,Open/Active,,6. Implement,Weekly,,,,21 Mar 25,Green,Green,Amber,Green,Green,Green,Green,,Amber,Green,,,,16/09/2024,28/02/2025,178.9,01/10/2024,30/06/2025,01/10/2024,30/06/2025,,,27/06/2025,0,14,,14,,,,,,,,,,,,,,,,,
Project 111,1001825,Project,,Project Manager 18,Sub-Portfolio 4,Sponsor 28,,,,,Requested,,2. Concept,Monthly,,Apr-2025,,,Green,Green,Green,Amber,Green,Green,Green,,Green,Green,,,,16/12/2024,30/06/2025,369.0,19/09/2024,31/03/2026,19/09/2024,31/03/2026,,,,0,,,,,,,,,,,,,,,,,,,,
Project 112,1001804,Minor Work,,Project Manager 35,Sub-Portfolio 7,,Medium,,,,Open/Active,,6. Implement,Weekly,,,,,,,,,,,,,,,,,,15/11/2024,30/06/2025,,,,,,,,,0,,,,,,,,,,,,,,,,,,,,
Project 113,1001784,Application Support,,Project Manager 13,Sub-Portfolio 1,,High,,,Opex,Requested,,6. Implement,Monthly,,,,,,,,,,,,,,,,,,01/07/2024,30/06/2025,311.0,01/07/2024,30/09/2025,01/07/2024,30/09/2025,,,,0,,,,,,,,,,,,,,,,,,,,
Project 114,1001785,Application Support,,Project Manager 9,Sub-Portfolio 2,,High,,,Opex,Requested,,,Monthly,,,,,,,,,,,,,,,,,,01/07/2024,30/06/2025,245.0,01/07/2024,30/06/2025,01/07/2024,30/06/2025,,,,0,,,,,,,,,,,,,,,,,,,,
Project 115,1001786,Application Support,,,Sub-Portfolio 4,,High,,,Opex,Requested,,6. Implement,Monthly,,,,,,,,,,,,,,,,,,01/07/2024,30/06/2025,245.0,01/07/2024,30/06/2025,01/07/2024,30/06/2025,,,,0,,,,,,,,,,,,,,,,,,,,
Project 116,1001788,Application Support,,,Sub-Portfolio 5,,High,,,Opex,Requested,,6. Implement,Monthly,,,,,,,,,,,,,,,,,,01/07/2024,30/06/2025,245.0,01/07/2024,30/06/2025,01/07/2024,30/06/2025,,,,0,,,,,,,,,,,,,,,,,,,,
Project 117,1001789,Application Support,,,Sub-Portfolio 6,,High,,,Opex,Requested,,6. Implement,Monthly,,,,,,,,,,,,,,,,,,01/07/2024,30/06/2025,245.0,01/07/2024,30/06/2025,01/07/2024,30/06/2025,,,,0,,,,,,,,,,,,,,,,,,,,
Project 118,1001787,Application Support,,,Sub-Portfolio 7,,High,,,Opex,Requested,,6. Implement,Monthly,,,,,,,,,,,,,,,,,,01/07/2024,30/06/2025,245.0,01/07/2024,30/06/2025,01/07/2024,30/06/2025,,,,0,,,,,,,,,,,,,,,,,,,,
Project 119,1001790,Application Support,,,Sub-Portfolio 8,,High,,,Opex,Requested,,6. Implement,Monthly,,,,,,,,,,,,,,,,,,01/07/2024,30/06/2025,245.0,01/07/2024,30/06/2025,01/07/2024,30/06/2025,,,,0,,,,,,,,,,,,,,,,,,,,
Project 120,1000298,Project,Line of Business 12,Project Manager 38,Sub-Portfolio 4,Sponsor 19,,Waterfall,No,Capital,Open/Active,Gate 3,6. Implement,Weekly,,,,25 Apr 25,Green,Green,Green,Green,Green,Green,Green,,Green,Green,16/08/2022,30/06/2025,712.0,03/07/2023,30/06/2025,759.0,16/08/2022,03/09/2025,24/11/2022,03/09/2025,16/08/2022,,27/06/2025,16,20,12,8,13,6,1,,,,1,4,No Changes,No Changes,No Changes,,1,,,,
Project 121,1000301,Project,Line of Business 16,Project Manager 17,Sub-Portfolio 7,Sponsor 25,,Waterfall,No,Opex,Open/Active,Gate 1,6. Implement,Monthly,,Apr-2025,,,Green,Green,Green,Green,Green,Green,Green,,Green,Green,18/03/2021,31/10/2025,"1,168.0",,,"1,168.0",18/03/2021,31/10/2025,18/03/2021,31/10/2025,18/03/2021,,02/06/2025,40,74,64,10,64,,,10,,,2,2,No Changes,No Changes,Minor Changes,1,4,,,09/04/2025,
Project 122,1000293,Project,Line of Business 7,Project Manager 18,Sub-Portfolio 4,Sponsor 32,,Waterfall,No,Capital,Prepare for Closure,Gate 2,6. Implement,Fortnightly,,,19 Feb 24 - 01 Mar 24,12 Jan 24,Green,Green,Green,Green,Green,Green,Green,,Green,Green,16/08/2022,29/02/2024,385.0,,,467.0,16/08/2022,28/06/2024,12/02/2024,28/06/2024,16/08/2022,,15/03/2024,80,11,11,,11,,,,,,,5,,,,,1,,,,
Project 123,1000314,Project,Line of Business 7,Project Manager 33,Sub-Portfolio 7,Sponsor 14,,Hybrid,Yes,Capital,Open/Active,Gate 1,6. Implement,Monthly,,Apr-2025,,,Amber,Green,Green,Amber,Amber,Green,Green,,Amber,Amber,22/03/2023,11/08/2025,588.0,22/03/2023,10/04/2025,588.0,22/03/2023,11/08/2025,11/09/2023,11/08/2025,22/03/2023,,30/06/2025,26,85,66,19,66,2,1,17,,,,1,Moderate Changes,Moderate Changes,Moderate Changes,,,,,,
Project 124,1001420,Light Project,Line of Business 7,Project Manager 18,Sub-Portfolio 4,Sponsor 48,Medium,,No,Capital,Requested,,2. Concept,Weekly,,,,,,,,,,,,,,,,,,04/03/2024,30/08/2024,140.9,15/04/2024,31/10/2024,15/04/2024,31/10/2024,,,,0,,,,,,,,,,,,,,,,,,,,
Project 125,1000962,Minor Work,Line of Business 15,Project Manager 27,Sub-Portfolio 7,Sponsor 29,,Hybrid,,,Prepare for Closure,,2. Concept,Monthly,,Mar-2024,,,Green,Green,Green,Green,Green,Green,Green,,Green,Green,,,,12/12/2023,28/06/2024,161.9,11/01/2024,30/08/2024,11/01/2024,30/08/2024,14/03/2024,,,36,,,,,,,,,,,,No Changes,No Changes,No Changes,,,,,,
Project 126,1000924,Project,Line of Business 7,Project Manager 18,Sub-Portfolio 4,,,,No,Opex,Requested,,2. Concept,Weekly,,,,01 Dec 23,Green,Green,Green,Green,Green,Green,Green,,Red,Green,,,,01/09/2023,30/04/2024,158.0,01/09/2023,30/04/2024,01/09/2023,30/04/2024,,,,0,,,,,,,,,,,,,,,,,,,,
Project 127,1001829,Project,,Project Manager 35,Sub-Portfolio 7,Sponsor 40,,,,,Requested,,2. Concept,Monthly,,,,,,,,,,,,,,,,,,28/01/2025,30/06/2025,106.0,28/01/2025,30/06/2025,28/01/2025,30/06/2025,,,,0,,,,,,,,,,,,,,,,,,,,
Project 128,1000315,Project,Line of Business 7,Project Manager 35,Sub-Portfolio 7,Sponsor 24,,Waterfall,,,Open/Active,,2. Concept,Monthly,,Oct-2023,,,Green,Green,Green,Green,Green,Green,Green,,Green,Green,,,,,,"1,593.0",19/04/2021,27/08/2027,03/10/2023,27/08/2027,19/04/2021,,21/06/2027,10,4,4,,,,,,,,,,,,,,,,,,
Project 129,1000990,Project,Line of Business 17,Project Manager 12,Sub-Portfolio 8,Sponsor 18,,Waterfall,No,Capex & Opex,Completed,Gate 3,7. Closure,Monthly,,Jun-2024,,,Green,Green,Green,Green,Green,Green,Green,,Green,Green,18/12/2023,15/05/2024,93.5,19/12/2023,28/03/2024,93.5,18/12/2023,15/05/2024,,,18/12/2023,15/05/2024,,100,,,,,,,,,,,1,,,,,2,,,,25/09/2024
Project 130,1000841,Project,Line of Business 18,Project Manager 38,Sub-Portfolio 7,,,,No,Opex,On Hold,Gate 0,3. Evaluate,Monthly,,Feb-2024,,26 Jan 24,Green,Green,Green,Green,Green,Green,Green,,Green,Green,,,,15/01/2024,28/06/2024,115.0,15/01/2024,28/06/2024,15/01/2024,28/06/2024,,,,0,,,,,,,,,,,2,,,,,1,,,,
Project 131,1001375,Project,Line of Business 8,Project Manager 25,Sub-Portfolio 8,,,,,Capital,Requested,,2. Concept,Monthly,,Jun-2024,,,Green,Green,Green,Green,Green,Green,Green,,Green,Green,,,,01/03/2024,28/06/2024,93.8,01/03/2024,16/07/2024,01/03/2024,16/07/2024,,,,0,,,,,,,,,,1,2,,,,,1,,,,
Project 132,1000296,Project,Line of Business 4,Project Manager 8,Sub-Portfolio 7,Sponsor 21,,Hybrid,Yes,Capex & Opex,Open/Active,Gate 0,3. Evaluate,Monthly,,Apr-2025,,,Red,Amber,Amber,Red,Amber,Green,Green,,Amber,Green,01/07/2019,02/06/2028,"2,262.5",23/08/2021,24/12/2026,"2,658.0",01/07/2019,21/12/2029,18/10/2019,21/12/2029,01/07/2019,,26/06/2030,15,163,65,98,70,8,7,85,,1,4,8,Major Changes,Major Changes,Major Changes,1,2,,26/02/2025,,
Project 133,1001857,Project,,,Sub-Portfolio 7,Sponsor 46,,,,,Requested,,2. Concept,Monthly,,,,,,,,,,,,,,,,,,17/02/2025,30/06/2025,,,,,,,,,0,,,,,,,,,,,,,,,,,,,,
Project 134,1001269,Project,Line of Business 2,Project Manager 35,Sub-Portfolio 7,Sponsor 14,,,,,Requested,,2. Concept,Monthly,,,,,,,,,,,,,,,,,,08/03/2024,31/07/2024,86.0,25/03/2024,26/07/2024,25/03/2024,26/07/2024,,,,0,,,,,,,,,,,,,,,,,,,,
Project 135,1001871,Project,,,Sub-Portfolio 7,Sponsor 45,,,,,Requested,,2. Concept,Monthly,,,,,,,,,,,,,,,,,,03/03/2025,30/06/2025,82.0,03/03/2025,30/06/2025,03/03/2025,30/06/2025,,,,0,,,,,,,,,,,,,,,,,,,,
Project 136,1001643,Minor Work,,Project Manager 27,Sub-Portfolio 7,,Medium,,,,Open/Active,,6. Implement,Monthly,,,,,,,,,,,,,,,,,,30/09/2024,31/03/2025,160.0,30/09/2024,30/05/2025,30/09/2024,30/05/2025,,,,0,,,,,,,,,,,,,,,,,,,,
Project 137,1000869,Project,,Project Manager 17,Sub-Portfolio 7,Sponsor 50,,Hybrid,No,Capital,Open/Active,Gate 1,4. Analyse & Design,Monthly,,Apr-2025,,,Green,Green,Green,Green,Green,Green,Green,,Green,Green,01/07/2021,31/07/2026,"1,271.0",15/11/2023,30/06/2027,"1,271.0",01/07/2021,31/07/2026,01/11/2023,31/07/2026,01/07/2021,,27/06/2025,11,51,20,31,21,,1,31,,,,3,Minor Changes,Minor Changes,Minor Changes,1,6,16/11/2023,09/04/2025,,
Project 138,1000838,Project,Line of Business 14,,Sub-Portfolio 7,,,,No,Capital,On Hold,,2. Concept,Monthly,,,,,,,,,,,,,,,,,,01/07/2024,17/12/2026,365.0,01/07/2025,17/12/2026,01/07/2025,17/12/2026,,,,0,,,,,,,,,,,,,,,,,,,,
Project 139,1001351,Project,Line of Business 19,Project Manager 29,Sub-Portfolio 8,Sponsor 10,,Hybrid,No,Capital,Open/Active,Gate 1,6. Implement,Monthly,,Apr-2025,,,Amber,Green,Amber,Amber,Green,Green,Green,,Green,Green,01/08/2024,30/06/2025,221.0,01/07/2024,20/12/2024,221.0,01/08/2024,30/06/2025,26/08/2024,30/06/2025,01/08/2024,,02/06/2025,34,72,60,12,61,,4,11,,,2,7,No Changes,Minor Changes,Minor Changes,,1,21/08/2024,19/12/2024,,
Project 140,1000295,Minor Work,Line of Business 7,Project Manager 15,Sub-Portfolio 4,Sponsor 2,,Waterfall,No,Capital,Requested,Gate 1,6. Implement,Weekly,,,,06 Dec 24,Green,Green,Green,Green,Green,Green,Green,,Green,Green,29/08/2022,20/12/2024,582.0,,,703.0,29/08/2022,30/06/2025,01/05/2024,30/06/2025,29/08/2022,,27/06/2025,99,34,31,3,34,3,3,,,,1,22,No Changes,Minor Changes,No Changes,,3,,,,
Project 141,1001347,Project,Line of Business 7,Project Manager 16,Sub-Portfolio 8,Sponsor 18,,Agile,No,Capital,Open/Active,Gate 0,3. Evaluate,Weekly,,,,02 May 25,Green,Green,Green,Green,Green,Green,Green,,Green,Green,02/09/2024,25/06/2025,196.0,01/07/2024,30/06/2026,198.0,02/09/2024,27/06/2025,24/01/2025,27/06/2025,02/09/2024,,30/06/2026,8,30,6,24,30,4,24,20,,,,3,Moderate Changes,Major Changes,Major Changes,,,25/09/2024,,,
Project 142,1001350,Project,Line of Business 13,Project Manager 25,Sub-Portfolio 8,Sponsor 18,,Agile,No,Capital,Open/Active,Gate 1,6. Implement,Monthly,,Feb-2025,,,Green,Green,Green,Green,Green,Green,Green,,Green,Green,01/07/2024,17/04/2025,197.0,01/07/2024,30/06/2025,204.0,01/07/2024,01/05/2025,01/07/2024,01/05/2025,06/09/2024,,02/06/2025,2,49,46,3,49,3,3,,,1,,10,No Changes,No Changes,Minor Changes,,3,28/08/2024,08/04/2025,,
Project 143,1001355,Project,,Project Manager 12,Sub-Portfolio 8,,,Hybrid,No,Capital,Open/Active,Gate 0,3. Evaluate,Weekly,,,,02 May 25,Green,Green,Green,Green,Amber,Green,Green,,Amber,Green,01/07/2024,31/10/2025,332.9,01/07/2024,30/06/2025,332.9,01/07/2024,31/10/2025,01/07/2024,31/10/2025,30/08/2024,,02/06/2025,6,115,41,74,44,3,3,71,,,1,4,Moderate Changes,Major Changes,Major Changes,1,1,,,,
Project 144,1001440,Project,Line of Business 24,Project Manager 13,Sub-Portfolio 8,,,Agile,No,Capital,Open/Active,Gate 0,3. Evaluate,Monthly,,Apr-2025,,,Green,Green,Green,Green,Amber,Green,Green,,Green,Green,10/05/2024,04/06/2026,506.0,01/05/2024,30/06/2025,506.0,10/05/2024,04/06/2026,01/07/2024,04/06/2026,10/05/2024,,02/06/2025,5,67,34,33,54,2,25,25,,,5,5,No Changes,Moderate Changes,No Changes,1,2,,,,
Project 145,1000306,Light Project,Line of Business 7,Project Manager 26,Sub-Portfolio 5,Sponsor 43,,Hybrid,No,Opex,Completed,Gate 3,7. Closure,Monthly,,Jun-2024,,,Green,Green,Green,,Green,Green,,,Green,,01/01/2018,18/07/2024,"1,687.0",03/07/2023,28/06/2024,"1,677.0",12/01/2018,18/07/2024,,,12/01/2018,18/07/2024,,100,7,7,,7,,,,,,,,No Changes,No Changes,No Changes,,,,,,12/07/2024
Project 146,1001138,Application Support,,,Sub-Portfolio 5,,High,,,,Requested,,,Weekly,,,,,,,,,,,,,,,,,,01/02/2024,28/06/2024,115.0,15/01/2024,28/06/2024,15/01/2024,28/06/2024,,,,0,,,,,,,,,,,,,,,,,,,,
Project 147,1001282,Project,,Project Manager 14,Sub-Portfolio 7,Sponsor 7,,Agile,No,Capital,Open/Active,Gate 0,3. Evaluate,Monthly,,Apr-2025,,,Red,Amber,Amber,Amber,Amber,Green,Green,,Red,Amber,24/04/2024,16/02/2026,440.9,04/03/2024,30/06/2025,440.9,24/04/2024,16/02/2026,02/09/2024,16/02/2026,24/04/2024,,02/06/2025,25,59,44,15,48,6,4,9,,,3,12,Moderate Changes,Moderate Changes,Moderate Changes,2,9,28/03/2024,,,
Project 149,1001171,Minor Work,Line of Business 6,Project Manager 18,Sub-Portfolio 4,Sponsor 38,Important,,No,Capital,Requested,,2. Concept,Weekly,,,,,,,,,,,,,,,,,,26/02/2024,28/06/2024,85.9,26/02/2024,28/06/2024,26/02/2024,28/06/2024,,,,0,,,,,,,,,,,,,,,,,,,,
Project 150,1000921,Project,Line of Business 7,Project Manager 18,Sub-Portfolio 4,,,,No,Capex & Opex,Cancelled,,2. Concept,Weekly,,,,01 Dec 23,Green,Green,Green,Green,Green,Green,Green,,Green,Green,,,,01/08/2023,28/06/2024,223.0,01/08/2023,28/06/2024,,,01/08/2023,28/06/2024,,100,,,,,,,,,,,,,,,,,,,,
Project 151,1000310,Project,Line of Business 7,Project Manager 6,Sub-Portfolio 8,Sponsor 36,,Hybrid,No,Capex & Opex,Open/Active,Gate 1,5. Build & Test,Monthly,,Apr-2025,,14 Jun 24,Amber,Green,Amber,Amber,Green,Green,Green,,Amber,Amber,03/07/2023,21/12/2029,"1,619.0",03/07/2023,30/06/2027,"1,619.0",03/07/2023,21/12/2029,01/02/2024,21/12/2029,03/07/2023,,08/05/2026,21,203,104,99,174,18,71,81,,,21,28,Moderate Changes,Major Changes,Moderate Changes,3,5,,,,
Project 152,1000313,Project,Line of Business 7,Project Manager 32,Sub-Portfolio 1,Sponsor 13,,Waterfall,No,Opex,Prepare for Closure,Gate 2,7. Closure,Monthly,,,,,,,,,,,,,,,01/08/2023,30/05/2024,203.0,,,203.0,01/08/2023,30/05/2024,01/08/2023,30/05/2024,01/08/2023,,,10,3,3,,3,,,,,,,,,,,,,,,,
Project 153,1001803,Minor Work,,Project Manager 35,Sub-Portfolio 7,,Medium,,,,Open/Active,,6. Implement,Weekly,,,,,,,,,,,,,,,,,,15/11/2024,30/06/2025,,,,,,,,,0,,,,,,,,,,,,,,,,,,,,
Project 154,1001349,Project,Line of Business 12,Project Manager 18,Sub-Portfolio 4,Sponsor 19,,Agile,No,Capex & Opex,Open/Active,Gate 0,3. Evaluate,Weekly,,,,02 May 25,Amber,Green,Amber,Amber,Amber,Green,Green,,Amber,Amber,26/03/2024,01/08/2025,332.0,01/07/2024,24/12/2025,332.0,26/03/2024,01/08/2025,01/07/2024,01/08/2025,26/03/2024,,27/06/2025,15,54,19,35,43,22,24,12,,,3,5,Moderate Changes,Moderate Changes,Moderate Changes,1,1,29/08/2024,,,
Project 155,1000312,Project,Line of Business 3,Project Manager 10,Sub-Portfolio 7,Sponsor 17,,Agile,Yes,Capital,Completed,Gate 3,7. Closure,Monthly,,Jun-2024,,,Green,Green,Green,Amber,Green,Green,Amber,,Amber,Green,12/07/2021,25/11/2024,858.0,01/07/2024,30/06/2025,858.0,12/07/2021,25/11/2024,,,12/07/2021,25/11/2024,,100,27,27,,27,,,,,,1,11,,,,,4,,,28/08/2024,28/11/2024
Project 156,1001869,Minor Work,,,Sub-Portfolio 3,,,,,,Requested,,2. Concept,Weekly,,,,,,,,,,,,,,,,,,03/03/2025,03/03/2025,,,,,,,,,0,,,,,,,,,,,,,,,,,,,,
Project 157,1000987,Project,Line of Business 22,Project Manager 29,Sub-Portfolio 7,Sponsor 51,,Hybrid,No,Capex & Opex,Open/Active,Gate 1,4. Analyse & Design,Monthly,,Apr-2025,,,Green,Green,Green,Amber,Green,Green,Green,,Green,Green,19/04/2024,26/02/2027,698.0,18/12/2023,24/12/2025,698.0,19/04/2024,26/02/2027,01/07/2024,26/02/2027,19/04/2024,,02/06/2025,31,69,42,27,49,5,7,22,,,2,7,Minor Changes,Minor Changes,Minor Changes,,2,06/08/2024,12/08/2024,,
Project 158,1001774,Project,,Project Manager 4,Sub-Portfolio 4,Sponsor 19,,,,,Requested,,2. Concept,Monthly,,Apr-2025,,21 Feb 25,Amber,Green,Green,Amber,Amber,Green,Green,,Amber,Amber,,,,01/11/2024,30/06/2025,380.0,01/11/2024,29/05/2026,02/12/2024,29/05/2026,01/11/2024,,08/04/2025,24,6,1,5,,,,,,,,,,,,,,,,,
Project 159,1001777,Minor Work,,Project Manager 14,Sub-Portfolio 4,Sponsor 19,Medium,,,,Requested,,2. Concept,Monthly,,Apr-2025,,21 Feb 25,Green,Green,Green,Amber,Green,Green,Green,,Amber,Green,01/11/2024,19/12/2025,280.0,01/11/2024,30/06/2025,283.0,01/11/2024,24/12/2025,01/11/2024,24/12/2025,01/11/2024,,,9,8,1,7,8,7,7,,,,,,,,,,,,,,
Project 160,1001775,Light Project,,Project Manager 14,Sub-Portfolio 4,Sponsor 19,,,No,Capital,Requested,,2. Concept,Monthly,,Apr-2025,,21 Feb 25,Green,Green,Green,Green,Green,Green,Green,,Green,Green,01/11/2024,30/06/2025,157.0,01/11/2024,30/06/2025,157.0,01/11/2024,30/06/2025,01/11/2024,30/06/2025,14/03/2025,,02/06/2025,0,7,2,5,,,,,,,,,,,,,,,,,
Project 161,1001776,Light Project,,Project Manager 14,Sub-Portfolio 4,Sponsor 19,,,No,Capital,Requested,,2. Concept,Monthly,,Apr-2025,,21 Feb 25,Green,Green,Green,Green,Amber,Green,Green,,Green,Amber,01/11/2024,30/06/2026,401.0,01/11/2024,30/06/2025,282.9,01/11/2024,24/12/2025,01/11/2024,24/12/2025,14/03/2025,,02/06/2025,0,12,2,10,,,,,,,,,,,,,,,,,
Project 162,1001428,Minor Work,,Project Manager 13,Sub-Portfolio 7,,High,,,,Requested,,,Monthly,,,,,,,,,,,,,,,,,,17/04/2024,28/06/2024,103.0,01/02/2024,28/06/2024,01/02/2024,28/06/2024,,,,0,,,,,,,,,,,,,,,,,,,,
Project 163,1000304,Project,Line of Business 7,Project Manager 22,Sub-Portfolio 8,Sponsor 18,,Hybrid,Yes,Capital,Prepare for Closure,Gate 2,7. Closure,Monthly,,Apr-2025,,,Green,Green,Green,Green,Green,Green,Green,,Green,Green,13/02/2023,14/02/2025,492.0,01/09/2023,20/12/2024,554.0,13/02/2023,16/05/2025,03/07/2023,16/05/2025,13/02/2023,,,35,75,71,4,80,4,9,,,,,6,Moderate Changes,Minor Changes,Major Changes,,6,,,06/03/2025,
Project 164,1000316,Project,Line of Business 17,Project Manager 38,Sub-Portfolio 7,Sponsor 4,,Agile,No,Capital,Completed,Gate 3,7. Closure,Monthly,,May-2024,,,Green,Green,Green,Green,Green,Green,Green,,Green,Green,30/06/2021,31/05/2024,742.0,01/02/2022,31/05/2024,742.0,30/06/2021,31/05/2024,,,30/06/2021,31/05/2024,,100,19,19,,19,,,,,,,2,Moderate Changes,No Changes,No Changes,,1,,,,30/06/2024
Project 165,1000307,Project,Line of Business 3,Project Manager 34,Sub-Portfolio 7,Sponsor 17,,Waterfall,Yes,Capex & Opex,Open/Active,Gate 1,5. Build & Test,Monthly,,Apr-2025,,,Red,Green,Red,Amber,Amber,Green,Green,,Amber,Amber,04/06/2019,21/12/2029,"2,677.0",,,"2,853.9",28/09/2018,21/02/2035,28/09/2018,21/02/2035,14/06/2021,,01/01/2035,11,84,56,28,58,16,3,5,,,32,51,Major Changes,Major Changes,Major Changes,2,6,,,,
Project 166,1001399,Project,Line of Business 7,Project Manager 14,Sub-Portfolio 4,,Important,Agile,No,Capital,Prepare for Closure,Gate 2,7. Closure,Weekly,,,,31 Jan 25,Green,Green,Green,Green,Green,Green,Green,,Green,Green,28/03/2024,03/02/2025,205.1,05/04/2024,30/06/2025,205.1,28/03/2024,03/02/2025,01/07/2024,31/01/2025,28/03/2024,,02/06/2025,100,53,53,,53,,,,,,,2,Minor Changes,No Changes,Minor Changes,,,28/03/2024,03/02/2025,29/11/2024,28/02/2025
Project 167,1001358,Project,,Project Manager 30,Sub-Portfolio 8,Sponsor 7,,Hybrid,No,Capex & Opex,Open/Active,Gate 0,3. Evaluate,Weekly,,,,02 May 25,Amber,Green,Amber,Amber,Amber,Green,Green,,Green,Green,31/07/2024,22/09/2025,281.9,01/07/2024,30/06/2025,340.9,31/07/2024,15/12/2025,13/12/2024,15/12/2025,31/07/2024,,01/07/2025,19,72,31,41,46,23,16,,,,5,5,Moderate Changes,Minor Changes,Minor Changes,,,29/08/2024,24/02/2025,31/08/2025,30/09/2025
Project 168,1001239,Minor Work,,Project Manager 13,Sub-Portfolio 3,,Low,Waterfall,No,Capital,Completed,Gate 3,7. Closure,Weekly,,,,,,,,,,,,,,,02/04/2024,29/07/2024,83.0,07/03/2024,28/06/2024,83.0,02/04/2024,29/07/2024,,,02/04/2024,29/07/2024,,100,9,9,,9,,,,,,,,No Changes,No Changes,No Changes,1,1,30/07/2024,30/07/2024,30/07/2024,30/07/2024
Project 169,1001618,Minor Work,,Project Manager 36,Sub-Portfolio 4,Sponsor 11,Medium,,,,Open/Active,,6. Implement,Weekly,,Jan-2025,,25 Apr 25,Amber,Green,Amber,Amber,Green,Green,Green,,Amber,Green,,,,11/09/2024,09/05/2025,294.0,11/09/2024,19/11/2025,11/09/2024,19/11/2025,30/09/2024,,08/04/2025,13,12,10,2,,,,,,,,4,,,,1,2,,,,
Project 170,1001755,Project,Line of Business 12,Project Manager 36,Sub-Portfolio 4,Sponsor 8,,,No,Capex & Opex,Requested,,2. Concept,Monthly,,,,,,,,,,,,,,,,,,17/02/2025,30/06/2025,114.9,17/02/2025,31/07/2025,17/02/2025,31/07/2025,,,,0,5,,5,,,,,,,4,4,,,,,,,,,
Project 171,1001805,Minor Work,,Project Manager 35,Sub-Portfolio 7,,Medium,,,,Open/Active,,6. Implement,Weekly,,,,,,,,,,,,,,,,,,15/11/2024,30/06/2025,,,,,,,,,0,,,,,,,,,,,,,,,,,,,,
Project 172,1001359,Project,,Project Manager 21,Sub-Portfolio 8,Sponsor 18,,Waterfall,No,Capital,Open/Active,Gate 1,4. Analyse & Design,Weekly,,,,25 Apr 25,Amber,Amber,Green,Amber,Amber,Green,Green,,Amber,Green,26/03/2024,31/10/2025,397.0,01/07/2024,30/06/2025,397.0,26/03/2024,31/10/2025,06/01/2025,31/10/2025,26/03/2024,,02/06/2025,45,53,11,42,12,,1,42,,,9,10,No Changes,Minor Changes,Minor Changes,,,26/03/2024,07/05/2025,,
